Model,Silhouette,Davies_Bouldin,Calinski_Harabasz
DBSCAN,0.506366884222702,0.5026138596964602,18.268368887648304
KMeans,0.2878424894821039,1.1703575168413582,295.81429386280394
KMeans_PCA,0.2856916590271441,1.1765567104305084,296.15734326078694
GMM,0.24581578915262436,2.8867078716961765,97.26278462440229
Hierarchical,0.23137770530358726,1.2993611358427406,246.65860103776666
