Model,MAPE (%),RMSE ($),MAE ($)
Optimized_Ensemble,16.809840211519255,17244.76846144444,13867.885189007218
ETS_BoxCox,17.220887784306278,17018.32463996566,14082.668914609529
Prophet_BoxCox,17.404305059324884,17047.605465615587,14211.089189309032
SARIMA_BoxCox,19.271279726725165,18235.458034415555,15853.75235951997
Theta_BoxCox,19.320029069225793,17394.146399142624,15398.05135449163
