model,rmse_mean,rmse_std,r2_mean,r2_std
LightGBM,73.75618138189654,3.722842357192684,0.4275067600141812,0.025591076102481618
XGBoost,74.35757545506378,3.0944012860928454,0.41817433425965833,0.008091196320648064
RandomForest,74.55536946392203,3.2716163613597145,0.41485087145845884,0.021989336752171004
Ridge,84.22293745290108,3.6676422366041095,0.25351134078217025,0.018097239614437738
LinearRegression,85.40034829615118,3.777007362696793,0.23247639229956735,0.020839070184729303
