model,rmse_cv,rmse_std,r2_cv,r2_std,train_rmse,val_rmse,train_r2,val_r2,r2_gap
LightGBM_v3.1,72.60856104648715,3.5199738703043044,0.44521640878262925,0.021548851891782402,69.24758619351411,70.5705267831516,0.5020369474798113,0.4509786838426667,0.05105826363714461
XGBoost_v3.1,72.90384132899207,3.7994312152052148,0.4407329200891851,0.025736776020977754,67.95477309629969,70.52725192485634,0.5204567582406752,0.45165181287021183,0.06880494537046333
RandomForest_v3.1,79.62366306493246,3.5848290831564755,0.3329244589301498,0.015647273154622787,78.58832908897371,78.00058869658606,0.35863692673145287,0.329284645051768,0.029352281679684844
