model,rmse_cv,rmse_std,r2_cv,r2_std,train_rmse,val_rmse,train_r2,val_r2
RandomForest_v3,74.56429386257894,3.3021285803527816,0.41469324167062,0.023052510936828884,59.69994575420312,72.59359362314798,0.6298858283875666,0.4190495667935441
LightGBM_v3,74.65362495270521,3.8724278948450204,0.413734417196815,0.021966879510382186,52.392778636728885,71.89528018308364,0.7149436598249627,0.4301727040106944
XGBoost_v3,75.10992729818881,3.057948347326506,0.4062715718825432,0.009497855509612959,60.56711042628283,72.7748993803187,0.6190556378140617,0.4161440434358712
