model,rmse_mean,rmse_std,r2_mean,r2_std
XGBoost_v2,30.914048004639163,2.0261002389728455,0.8994232321081878,0.007334141098446316
LightGBM_Optimized,31.150441477777953,0.0,0.8978915590007814,0.008755220106252275
LightGBM_v2,31.361403739648672,2.6289264411339217,0.896444805542651,0.01121306588790746
Segmented_Ensemble,32.722643096532686,0.0,0.887496086641195,0.0
RandomForest_v2,34.77200476107199,2.7187733656733837,0.8726476136903983,0.01312065007091383
Stacking_Ensemble,41.84937157234463,2.937769336034861,0.8150916601515059,0.020767173505584498
