Model,MAPE (%),RMSE ($),MAE ($)
Prophet(cps=0.1),19.206233680879222,17791.856289190357,15422.504689577147
Seasonal Naive,25.390497899656488,23430.161200413582,20459.892566666666
"SARIMA(0, 0, 1)x(0, 0, 2, 12)",27.805166805387284,30552.253325364272,24735.10105332117
"XGBoost(n=50,d=5)",32.36084310350799,30625.06623269894,26818.031828124997
