{
  "iteration": "final",
  "status": "completed",
  "best_model": "Optimized_Ensemble",
  "best_mape": 16.809840211519255,
  "baseline_v1": 19.21,
  "mejora_absoluta": 2.400159788480746,
  "mejora_relativa_pct": 12.4943247708524,
  "mape_sin_outlier": 13.817128714401871,
  "objetivo_alcanzado": "False",
  "timestamp": "2026-01-19T00:22:31.443964",
  "lambda_boxcox": 0.5009660085803526,
  "ensemble_weights": {
    "Prophet_BoxCox": 0.2940669096894837,
    "ETS_BoxCox": 0.43164506737245445,
    "SARIMA_BoxCox": 0.274280342827128,
    "Theta_BoxCox": 7.680110933860125e-06
  },
  "all_mapes": {
    "Prophet_BoxCox": 17.404305059324884,
    "ETS_BoxCox": 17.220887784306278,
    "SARIMA_BoxCox": 19.271279726725165,
    "Theta_BoxCox": 19.320029069225793,
    "Optimized_Ensemble": 16.809840211519255
  }
}